out/HighwayEnv/DQNAgent/run_20210118-232714_6637_exp_merge_106,exp_merge_106 similar to IEEE_Access/exp_baseinitial_position= 95 and random_offset_merging= 5 and speed= 23
out/HighwayEnv/DQNAgent/run_20210118-232714_6643_exp_merge_105,exp_merge_105 similar to IEEE_Access/exp_baseinitial_position= 95 and random_offset_merging= 2 and speed= 27
out/HighwayEnv/DQNAgent/run_20210118-232714_6638_exp_merge_107,exp_merge_107 similar to IEEE_Access/exp_baseinitial_position= 95 and random_offset_merging= 5 and speed= 27
out/HighwayEnv/DQNAgent/run_20210118-232714_6634_exp_merge_104,exp_merge_104 similar to IEEE_Access/exp_baseinitial_position= 95 and random_offset_merging= 2 and speed= 23
out\HighwayEnv\DQNAgent\run_20210118-234816_14624_exp_merge_102,exp_merge_102 similar to IEEE_Access/exp_baseinitial_position= 90 and random_offset_merging= 5 and speed= 23
out\HighwayEnv\DQNAgent\run_20210118-234845_11680_exp_merge_103,exp_merge_103 similar to IEEE_Access/exp_baseinitial_position= 90 and random_offset_merging= 5 and speed= 27
out\HighwayEnv\DQNAgent\run_20210118-235152_13448_exp_merge_100,exp_merge_100 similar to IEEE_Access/exp_baseinitial_position= 90 and random_offset_merging= 2 and speed= 23
out\HighwayEnv\DQNAgent\run_20210118-235212_6060_exp_merge_101,exp_merge_101 similar to IEEE_Access/exp_baseinitial_position= 90 and random_offset_merging= 2 and speed= 27
out/HighwayEnv/DQNAgent/run_20210119-135809_31518_exp_merge_113,exp_merge_113 non-coop non-symp  similar to IEEE_Access/exp_base initial_position= 95 and random_offset_merging= 5 and speed= 23
out/HighwayEnv/DQNAgent/run_20210119-135809_31517_exp_merge_110,exp_merge_110 non-coop non-symp  similar to IEEE_Access/exp_base initial_position= 90 and random_offset_merging= 2 and speed= 23
out/HighwayEnv/DQNAgent/run_20210119-135809_31507_exp_merge_112,exp_merge_112 non-coop non-symp  similar to IEEE_Access/exp_base initial_position= 95 and random_offset_merging= 2 and speed= 23
out/HighwayEnv/DQNAgent/run_20210119-135809_31508_exp_merge_111,exp_merge_111 non-coop non-symp  similar to IEEE_Access/exp_base initial_position= 90 and random_offset_merging= 5 and speed= 23
out\HighwayEnv\DQNAgent\run_20210119-135913_8820_exp_merge_120,exp_merge_120 coop non-symp  similar to IEEE_Access/exp_base initial_position= 90 and random_offset_merging= 2 and speed= 23
out\HighwayEnv\DQNAgent\run_20210119-135924_16456_exp_merge_121,exp_merge_121 coop non-symp  similar to IEEE_Access/exp_base initial_position= 90 and random_offset_merging= 5 and speed= 23
out\HighwayEnv\DQNAgent\run_20210119-135955_3236_exp_merge_122,exp_merge_122 coop non-symp  similar to IEEE_Access/exp_base initial_position= 95 and random_offset_merging= 2 and speed= 23
out\HighwayEnv\DQNAgent\run_20210119-140010_3144_exp_merge_123,exp_merge_123 coop non-symp  similar to IEEE_Access/exp_base initial_position= 95 and random_offset_merging= 5 and speed= 23
out/HighwayEnv/DQNAgent/run_20210120-151014_32464_exp_merge_209,exp_merge_209 similar to configs/experiments/IEEE_Access/exp_base_200.json collision_reward= -20 and successful_merging_reward= 5 and high_speed_reward= 1 and cooperative_reward= 4
out/HighwayEnv/DQNAgent/run_20210120-151015_32485_exp_merge_204,exp_merge_204 similar to configs/experiments/IEEE_Access/exp_base_200.json collision_reward= -10 and successful_merging_reward= 5 and high_speed_reward= 1 and cooperative_reward= 0.5
out/HighwayEnv/DQNAgent/run_20210120-151015_32486_exp_merge_207,exp_merge_207 similar to configs/experiments/IEEE_Access/exp_base_200.json collision_reward= -10 and successful_merging_reward= 10 and high_speed_reward= 1 and cooperative_reward= 4
out/HighwayEnv/DQNAgent/run_20210120-151015_32476_exp_merge_211,exp_merge_211 similar to configs/experiments/IEEE_Access/exp_base_200.json collision_reward= -20 and successful_merging_reward= 10 and high_speed_reward= 1 and cooperative_reward= 4
out/HighwayEnv/DQNAgent/run_20210120-151015_32465_exp_merge_208,exp_merge_208 similar to configs/experiments/IEEE_Access/exp_base_200.json collision_reward= -20 and successful_merging_reward= 5 and high_speed_reward= 1 and cooperative_reward= 0.5
out/HighwayEnv/DQNAgent/run_20210120-151015_32492_exp_merge_206,exp_merge_206 similar to configs/experiments/IEEE_Access/exp_base_200.json collision_reward= -10 and successful_merging_reward= 10 and high_speed_reward= 1 and cooperative_reward= 0.5
out/HighwayEnv/DQNAgent/run_20210120-151015_32470_exp_merge_205,exp_merge_205 similar to configs/experiments/IEEE_Access/exp_base_200.json collision_reward= -10 and successful_merging_reward= 5 and high_speed_reward= 1 and cooperative_reward= 4
out/HighwayEnv/DQNAgent/run_20210120-151015_32479_exp_merge_210,exp_merge_210 similar to configs/experiments/IEEE_Access/exp_base_200.json collision_reward= -20 and successful_merging_reward= 10 and high_speed_reward= 1 and cooperative_reward= 0.5
out\HighwayEnv\DQNAgent\run_20210120-170742_11304_exp_merge_200,exp_merge_200 similar to configs/experiments/IEEE_Access/exp_base_200.json collision_reward= -5 and successful_merging_reward= 5 and high_speed_reward= 1 and cooperative_reward= 0.5
out\HighwayEnv\DQNAgent\run_20210120-170800_16208_exp_merge_201,exp_merge_201 similar to configs/experiments/IEEE_Access/exp_base_200.json collision_reward= -5 and successful_merging_reward= 5 and high_speed_reward= 1 and cooperative_reward= 4
out\HighwayEnv\DQNAgent\run_20210120-170813_12168_exp_merge_202,exp_merge_202 similar to configs/experiments/IEEE_Access/exp_base_200.json collision_reward= -5 and successful_merging_reward= 10 and high_speed_reward= 1 and cooperative_reward= 0.5
out\HighwayEnv\DQNAgent\run_20210120-170825_14388_exp_merge_203,exp_merge_203 similar to configs/experiments/IEEE_Access/exp_base_200.json collision_reward= -5 and successful_merging_reward= 10 and high_speed_reward= 1 and cooperative_reward= 4
out\HighwayEnv\DQNAgent\run_20210121-180816_19528_exp_merge_300,exp_merge_300 similar to IEEE_Access/exp_base  cooperative_flag True sympathy_flag True type= highway_env.vehicle.behavior.CustomVehicle cooperative_perception True
out\HighwayEnv\DQNAgent\run_20210121-180832_14628_exp_merge_301,exp_merge_301 similar to IEEE_Access/exp_base  cooperative_flag True sympathy_flag True type= highway_env.vehicle.behavior.CustomVehicleAggressive cooperative_perception True
out\HighwayEnv\DQNAgent\run_20210121-180846_7540_exp_merge_302,exp_merge_302 similar to IEEE_Access/exp_base  cooperative_flag True sympathy_flag False type= highway_env.vehicle.behavior.CustomVehicle cooperative_perception True
out\HighwayEnv\DQNAgent\run_20210121-180928_2492_exp_merge_303,exp_merge_303 similar to IEEE_Access/exp_base  cooperative_flag True sympathy_flag False type= highway_env.vehicle.behavior.CustomVehicleAggressive cooperative_perception True
out/HighwayEnv/DQNAgent/run_20210121-164729_32472_exp_merge_307,exp_merge_307 similar to IEEE_Access/exp_base  cooperative_flag False sympathy_flag False type= highway_env.vehicle.behavior.CustomVehicleAggressive cooperative_perception False
out/HighwayEnv/DQNAgent/run_20210121-164729_32471_exp_merge_305,exp_merge_305 similar to IEEE_Access/exp_base  cooperative_flag False sympathy_flag False type= highway_env.vehicle.behavior.CustomVehicleAggressive cooperative_perception True
out/HighwayEnv/DQNAgent/run_20210121-164729_32479_exp_merge_306,exp_merge_306 similar to IEEE_Access/exp_base  cooperative_flag False sympathy_flag False type= highway_env.vehicle.behavior.CustomVehicle cooperative_perception False
out/HighwayEnv/DQNAgent/run_20210121-164729_32486_exp_merge_304,exp_merge_304 similar to IEEE_Access/exp_base  cooperative_flag False sympathy_flag False type= highway_env.vehicle.behavior.CustomVehicle cooperative_perception True
out\HighwayEnv\DQNAgent\run_20210122-135346_19528_exp_merge_300_test,exp_merge_300 similar to IEEE_Access/exp_base  cooperative_flag True sympathy_flag True type= highway_env.vehicle.behavior.CustomVehicle cooperative_perception True
out\HighwayEnv\DQNAgent\run_20210122-124249_14628_exp_merge_301_test,exp_merge_301 similar to IEEE_Access/exp_base  cooperative_flag True sympathy_flag True type= highway_env.vehicle.behavior.CustomVehicleAggressive cooperative_perception True
out\HighwayEnv\DQNAgent\run_20210122-141448_7540_exp_merge_302_test,exp_merge_302 similar to IEEE_Access/exp_base  cooperative_flag True sympathy_flag False type= highway_env.vehicle.behavior.CustomVehicle cooperative_perception True
out\HighwayEnv\DQNAgent\run_20210122-085032_2492_exp_merge_303_test,exp_merge_303 similar to IEEE_Access/exp_base  cooperative_flag True sympathy_flag False type= highway_env.vehicle.behavior.CustomVehicleAggressive cooperative_perception True
out/HighwayEnv/DQNAgent/run_20210122-064706_32486_exp_merge_304_test,exp_merge_304 similar to IEEE_Access/exp_base  cooperative_flag False sympathy_flag False type= highway_env.vehicle.behavior.CustomVehicle cooperative_perception True
out/HighwayEnv/DQNAgent/run_20210122-013923_32472_exp_merge_307_test,exp_merge_307 similar to IEEE_Access/exp_base  cooperative_flag False sympathy_flag False type= highway_env.vehicle.behavior.CustomVehicleAggressive cooperative_perception False
out/HighwayEnv/DQNAgent/run_20210122-025749_32471_exp_merge_305_test,exp_merge_305 similar to IEEE_Access/exp_base  cooperative_flag False sympathy_flag False type= highway_env.vehicle.behavior.CustomVehicleAggressive cooperative_perception True
out/HighwayEnv/DQNAgent/run_20210122-050842_32479_exp_merge_306_test,exp_merge_306 similar to IEEE_Access/exp_base  cooperative_flag False sympathy_flag False type= highway_env.vehicle.behavior.CustomVehicle cooperative_perception False
out/HighwayEnv/DQNAgent/train/run_20210122-222048_1359_exp_merge_313,exp_merge_313 similar to IEEE_Access/exp_base  cooperative_flag False sympathy_flag False type= ControlledVehicle cooperative_perception False
out/HighwayEnv/DQNAgent/train/run_20210122-222048_1382_exp_merge_312,exp_merge_312 similar to IEEE_Access/exp_base  cooperative_flag False sympathy_flag False type= ControlledVehicle cooperative_perception True
out/HighwayEnv/DQNAgent/train/run_20210122-222048_1379_exp_merge_310,exp_merge_310 similar to IEEE_Access/exp_base  cooperative_flag True sympathy_flag True type= ControlledVehicle cooperative_perception True
out/HighwayEnv/DQNAgent/train/run_20210122-222048_1360_exp_merge_311,exp_merge_311 similar to IEEE_Access/exp_base  cooperative_flag True sympathy_flag False type= ControlledVehicle cooperative_perception True
out/HighwayEnv/DQNAgent/run_20210123-003936_8937_exp_merge_300,exp_merge_300 similar to IEEE_Access/exp_base  cooperative_flag True sympathy_flag True type= highway_env.vehicle.behavior.CustomVehicle cooperative_perception True
out/HighwayEnv/DQNAgent/test/run_20210123-003937_8937_exp_merge_300-test,exp_merge_300 similar to IEEE_Access/exp_base  cooperative_flag True sympathy_flag True type= highway_env.vehicle.behavior.CustomVehicle cooperative_perception True
out/HighwayEnv/DQNAgent/train/run_20210123-004421_9331_exp_merge_300,exp_merge_300 similar to IEEE_Access/exp_base  cooperative_flag True sympathy_flag True type= highway_env.vehicle.behavior.CustomVehicle cooperative_perception True
out/HighwayEnv/DQNAgent/test/train/run_20210123-004425_9331_exp_merge_300-test,exp_merge_300 similar to IEEE_Access/exp_base  cooperative_flag True sympathy_flag True type= highway_env.vehicle.behavior.CustomVehicle cooperative_perception True
out/HighwayEnv/DQNAgent/train/run_20210123-004523_9464_exp_merge_300,exp_merge_300 similar to IEEE_Access/exp_base  cooperative_flag True sympathy_flag True type= highway_env.vehicle.behavior.CustomVehicle cooperative_perception True
out/HighwayEnv/DQNAgent/test/train/run_20210123-004546_9464_exp_merge_300-test,exp_merge_300 similar to IEEE_Access/exp_base  cooperative_flag True sympathy_flag True type= highway_env.vehicle.behavior.CustomVehicle cooperative_perception True
out/HighwayEnv/DQNAgent/train/run_20210123-004754_9657_exp_merge_300,exp_merge_300 similar to IEEE_Access/exp_base  cooperative_flag True sympathy_flag True type= highway_env.vehicle.behavior.CustomVehicle cooperative_perception True
out/HighwayEnv/DQNAgent/test/train/run_20210123-004800_9657_exp_merge_300-test,exp_merge_300 similar to IEEE_Access/exp_base  cooperative_flag True sympathy_flag True type= highway_env.vehicle.behavior.CustomVehicle cooperative_perception True
out/HighwayEnv/DQNAgent/train/run_20210123-004955_9862_exp_merge_300,exp_merge_300 similar to IEEE_Access/exp_base  cooperative_flag True sympathy_flag True type= highway_env.vehicle.behavior.CustomVehicle cooperative_perception True
out/HighwayEnv/DQNAgent/test/train/run_20210123-005001_9862_exp_merge_300-test,exp_merge_300 similar to IEEE_Access/exp_base  cooperative_flag True sympathy_flag True type= highway_env.vehicle.behavior.CustomVehicle cooperative_perception True
out/HighwayEnv/DQNAgent/train/run_20210123-033019_13249_exp_merge_301,exp_merge_301 similar to IEEE_Access/exp_base  cooperative_flag True sympathy_flag True type= highway_env.vehicle.behavior.CustomVehicleAggressive cooperative_perception True
out/HighwayEnv/DQNAgent/test/train/run_20210123-033023_13249_exp_merge_301-test,exp_merge_301 similar to IEEE_Access/exp_base  cooperative_flag True sympathy_flag True type= highway_env.vehicle.behavior.CustomVehicleAggressive cooperative_perception True
out/HighwayEnv/DQNAgent/train/run_20210123-060901_15851_exp_merge_302,exp_merge_302 similar to IEEE_Access/exp_base  cooperative_flag True sympathy_flag False type= highway_env.vehicle.behavior.CustomVehicle cooperative_perception True
out/HighwayEnv/DQNAgent/test/train/run_20210123-060906_15851_exp_merge_302-test,exp_merge_302 similar to IEEE_Access/exp_base  cooperative_flag True sympathy_flag False type= highway_env.vehicle.behavior.CustomVehicle cooperative_perception True
out/HighwayEnv/DQNAgent/train/run_20210123-084739_18321_exp_merge_303,exp_merge_303 similar to IEEE_Access/exp_base  cooperative_flag True sympathy_flag False type= highway_env.vehicle.behavior.CustomVehicleAggressive cooperative_perception True
out/HighwayEnv/DQNAgent/test/train/run_20210123-084743_18321_exp_merge_303-test,exp_merge_303 similar to IEEE_Access/exp_base  cooperative_flag True sympathy_flag False type= highway_env.vehicle.behavior.CustomVehicleAggressive cooperative_perception True
out/HighwayEnv/DQNAgent/train/run_20210123-105126_21878_exp_merge_304,exp_merge_304 similar to IEEE_Access/exp_base  cooperative_flag False sympathy_flag False type= highway_env.vehicle.behavior.CustomVehicle cooperative_perception True
out/HighwayEnv/DQNAgent/test/train/run_20210123-105131_21878_exp_merge_304-test,exp_merge_304 similar to IEEE_Access/exp_base  cooperative_flag False sympathy_flag False type= highway_env.vehicle.behavior.CustomVehicle cooperative_perception True
out/HighwayEnv/DQNAgent/test/train/run_20210123-130227_1359_exp_merge_313-test,exp_merge_313 similar to IEEE_Access/exp_base  cooperative_flag False sympathy_flag False type= ControlledVehicle cooperative_perception False
out/HighwayEnv/DQNAgent/train/run_20210123-133618_26136_exp_merge_305,exp_merge_305 similar to IEEE_Access/exp_base  cooperative_flag False sympathy_flag False type= highway_env.vehicle.behavior.CustomVehicleAggressive cooperative_perception True
out/HighwayEnv/DQNAgent/test/train/run_20210123-133626_26136_exp_merge_305-test,exp_merge_305 similar to IEEE_Access/exp_base  cooperative_flag False sympathy_flag False type= highway_env.vehicle.behavior.CustomVehicleAggressive cooperative_perception True
out/HighwayEnv/DQNAgent/test/train/run_20210123-152712_1382_exp_merge_312-test,exp_merge_312 similar to IEEE_Access/exp_base  cooperative_flag False sympathy_flag False type= ControlledVehicle cooperative_perception True
out/HighwayEnv/DQNAgent/train/run_20210123-153407_30875_exp_merge_306,exp_merge_306 similar to IEEE_Access/exp_base  cooperative_flag False sympathy_flag False type= highway_env.vehicle.behavior.CustomVehicle cooperative_perception False
out/HighwayEnv/DQNAgent/test/train/run_20210123-153430_30875_exp_merge_306-test,exp_merge_306 similar to IEEE_Access/exp_base  cooperative_flag False sympathy_flag False type= highway_env.vehicle.behavior.CustomVehicle cooperative_perception False
out/HighwayEnv/DQNAgent/test/train/run_20210123-155045_1360_exp_merge_311-test,exp_merge_311 similar to IEEE_Access/exp_base  cooperative_flag True sympathy_flag False type= ControlledVehicle cooperative_perception True
out/HighwayEnv/DQNAgent/test/train/run_20210123-155836_1379_exp_merge_310-test,exp_merge_310 similar to IEEE_Access/exp_base  cooperative_flag True sympathy_flag True type= ControlledVehicle cooperative_perception True
out/HighwayEnv/DQNAgent/train/run_20210123-174155_10051_exp_merge_307,exp_merge_307 similar to IEEE_Access/exp_base  cooperative_flag False sympathy_flag False type= highway_env.vehicle.behavior.CustomVehicleAggressive cooperative_perception False
out/HighwayEnv/DQNAgent/test/train/run_20210123-174204_10051_exp_merge_307-test,exp_merge_307 similar to IEEE_Access/exp_base  cooperative_flag False sympathy_flag False type= highway_env.vehicle.behavior.CustomVehicleAggressive cooperative_perception False
out/HighwayEnv/DQNAgent/train/run_20210123-222925_27957_exp_merge_307,exp_merge_307 similar to IEEE_Access/exp_base  cooperative_flag False sympathy_flag False type= highway_env.vehicle.behavior.CustomVehicleAggressive cooperative_perception False
out/HighwayEnv/DQNAgent/test/train/run_20210123-222932_27957_exp_merge_307-test,exp_merge_307 similar to IEEE_Access/exp_base  cooperative_flag False sympathy_flag False type= highway_env.vehicle.behavior.CustomVehicleAggressive cooperative_perception False
out/HighwayEnv/DQNAgent/train/run_20210123-225825_28827_exp_merge_326,exp_merge_326 similar to IEEE_Access/exp_merge_300  action_history_type discrete action_history_count 5
out/HighwayEnv/DQNAgent/train/run_20210123-225825_28818_exp_merge_328,exp_merge_328 similar to IEEE_Access/exp_merge_300  action_history_type xy_discrete action_history_count 5
out/HighwayEnv/DQNAgent/train/run_20210123-225825_28819_exp_merge_329,exp_merge_329 similar to IEEE_Access/exp_merge_300  action_history_type xy_discrete action_history_count 15
out/HighwayEnv/DQNAgent/train/run_20210123-225825_28824_exp_merge_327,exp_merge_327 similar to IEEE_Access/exp_merge_300  action_history_type discrete action_history_count 15
out/HighwayEnv/DQNAgent/test/train/run_20210124-114525_28818_exp_merge_328-test,exp_merge_328 similar to IEEE_Access/exp_merge_300  action_history_type xy_discrete action_history_count 5
out/HighwayEnv/DQNAgent/test/train/run_20210124-122452_28827_exp_merge_326-test,exp_merge_326 similar to IEEE_Access/exp_merge_300  action_history_type discrete action_history_count 5
out/HighwayEnv/DQNAgent/test/train/run_20210124-123737_28824_exp_merge_327-test,exp_merge_327 similar to IEEE_Access/exp_merge_300  action_history_type discrete action_history_count 15
out/HighwayEnv/DQNAgent/test/train/run_20210124-124414_28819_exp_merge_329-test,exp_merge_329 similar to IEEE_Access/exp_merge_300  action_history_type xy_discrete action_history_count 15
out\HighwayEnv\DQNAgent\train\run_20210123-213648_21100_exp_merge_323,exp_merge_323 similar to IEEE_Access/exp_merge_300  action_history_type xy_discrete action_history_count 10
out\HighwayEnv\DQNAgent\train\run_20210123-213705_22016_exp_merge_324,exp_merge_324 similar to IEEE_Access/exp_merge_300  action_history_type binary action_history_count 2
out\HighwayEnv\DQNAgent\train\run_20210123-213726_9468_exp_merge_325,exp_merge_325 similar to IEEE_Access/exp_merge_300  action_history_type binary action_history_count 10
out\HighwayEnv\DQNAgent\test\train\run_20210124-132650_22016_exp_merge_324-test,exp_merge_324 similar to IEEE_Access/exp_merge_300  action_history_type binary action_history_count 2
out\HighwayEnv\DQNAgent\test\train\run_20210124-134056_21100_exp_merge_323-test,exp_merge_323 similar to IEEE_Access/exp_merge_300  action_history_type xy_discrete action_history_count 10
out\HighwayEnv\DQNAgent\test\train\run_20210124-154628_9468_exp_merge_325-test,exp_merge_325 similar to IEEE_Access/exp_merge_300  action_history_type binary action_history_count 10
out\HighwayEnv\DQNAgent\train\run_20210124-194226_24156_exp_merge_1100,exp_merge_1100 similar to IEEE_Access/exp_base  cooperative_flag True sympathy_flag Trueinitial_position= 90 and speed= 21
out\HighwayEnv\DQNAgent\train\run_20210124-194240_22248_exp_merge_1101,exp_merge_1101 similar to IEEE_Access/exp_base  cooperative_flag True sympathy_flag Trueinitial_position= 90 and speed= 23
out\HighwayEnv\DQNAgent\train\run_20210124-194252_20800_exp_merge_1102,exp_merge_1102 similar to IEEE_Access/exp_base  cooperative_flag True sympathy_flag Trueinitial_position= 90 and speed= 25
out\HighwayEnv\DQNAgent\train\run_20210124-194303_16912_exp_merge_1103,exp_merge_1103 similar to IEEE_Access/exp_base  cooperative_flag True sympathy_flag Trueinitial_position= 90 and speed= 27
out\HighwayEnv\DQNAgent\test\run_20210125-000124_24156_exp_merge_1100-test,exp_merge_1100 similar to IEEE_Access/exp_base  cooperative_flag True sympathy_flag Trueinitial_position= 90 and speed= 21
out\HighwayEnv\DQNAgent\test\run_20210125-001240_22248_exp_merge_1101-test,exp_merge_1101 similar to IEEE_Access/exp_base  cooperative_flag True sympathy_flag Trueinitial_position= 90 and speed= 23
out\HighwayEnv\DQNAgent\test\run_20210125-001849_20800_exp_merge_1102-test,exp_merge_1102 similar to IEEE_Access/exp_base  cooperative_flag True sympathy_flag Trueinitial_position= 90 and speed= 25
out\HighwayEnv\DQNAgent\test\run_20210125-002731_16912_exp_merge_1103-test,exp_merge_1103 similar to IEEE_Access/exp_base  cooperative_flag True sympathy_flag Trueinitial_position= 90 and speed= 27
out/HighwayEnv/DQNAgent/train/run_20210124-204905_15760_exp_merge_1106,exp_merge_1106 similar to IEEE_Access/exp_base  cooperative_flag True sympathy_flag Trueinitial_position= 95 and speed= 25
out/HighwayEnv/DQNAgent/train/run_20210124-204905_15761_exp_merge_1110,exp_merge_1110 similar to IEEE_Access/exp_base  cooperative_flag True sympathy_flag Trueinitial_position= 100 and speed= 25
out/HighwayEnv/DQNAgent/train/run_20210124-204905_15789_exp_merge_1111,exp_merge_1111 similar to IEEE_Access/exp_base  cooperative_flag True sympathy_flag Trueinitial_position= 100 and speed= 27
out/HighwayEnv/DQNAgent/train/run_20210124-204905_15781_exp_merge_1105,exp_merge_1105 similar to IEEE_Access/exp_base  cooperative_flag True sympathy_flag Trueinitial_position= 95 and speed= 23
out/HighwayEnv/DQNAgent/train/run_20210124-204905_15786_exp_merge_1104,exp_merge_1104 similar to IEEE_Access/exp_base  cooperative_flag True sympathy_flag Trueinitial_position= 95 and speed= 21
out/HighwayEnv/DQNAgent/train/run_20210124-204905_15775_exp_merge_1108,exp_merge_1108 similar to IEEE_Access/exp_base  cooperative_flag True sympathy_flag Trueinitial_position= 100 and speed= 21
out/HighwayEnv/DQNAgent/train/run_20210124-204905_15778_exp_merge_1107,exp_merge_1107 similar to IEEE_Access/exp_base  cooperative_flag True sympathy_flag Trueinitial_position= 95 and speed= 27
out/HighwayEnv/DQNAgent/train/run_20210124-204905_15766_exp_merge_1109,exp_merge_1109 similar to IEEE_Access/exp_base  cooperative_flag True sympathy_flag Trueinitial_position= 100 and speed= 23
out/HighwayEnv/DQNAgent/test/run_20210125-024618_15786_exp_merge_1104-test,exp_merge_1104 similar to IEEE_Access/exp_base  cooperative_flag True sympathy_flag Trueinitial_position= 95 and speed= 21
out/HighwayEnv/DQNAgent/test/run_20210125-025706_15775_exp_merge_1108-test,exp_merge_1108 similar to IEEE_Access/exp_base  cooperative_flag True sympathy_flag Trueinitial_position= 100 and speed= 21
out/HighwayEnv/DQNAgent/test/run_20210125-031145_15760_exp_merge_1106-test,exp_merge_1106 similar to IEEE_Access/exp_base  cooperative_flag True sympathy_flag Trueinitial_position= 95 and speed= 25
out/HighwayEnv/DQNAgent/test/run_20210125-031710_15781_exp_merge_1105-test,exp_merge_1105 similar to IEEE_Access/exp_base  cooperative_flag True sympathy_flag Trueinitial_position= 95 and speed= 23
out/HighwayEnv/DQNAgent/test/run_20210125-032245_15778_exp_merge_1107-test,exp_merge_1107 similar to IEEE_Access/exp_base  cooperative_flag True sympathy_flag Trueinitial_position= 95 and speed= 27
out/HighwayEnv/DQNAgent/test/run_20210125-032525_15766_exp_merge_1109-test,exp_merge_1109 similar to IEEE_Access/exp_base  cooperative_flag True sympathy_flag Trueinitial_position= 100 and speed= 23
out/HighwayEnv/DQNAgent/test/run_20210125-033213_15761_exp_merge_1110-test,exp_merge_1110 similar to IEEE_Access/exp_base  cooperative_flag True sympathy_flag Trueinitial_position= 100 and speed= 25
out/HighwayEnv/DQNAgent/test/run_20210125-033358_15789_exp_merge_1111-test,exp_merge_1111 similar to IEEE_Access/exp_base  cooperative_flag True sympathy_flag Trueinitial_position= 100 and speed= 27
out/HighwayEnv/DQNAgent/train/run_20210125-143506_27461_exp_merge_1205,exp_merge_1205 similar to configs/experiments/IEEE_Access/exp_base_1200.json cooperative_flag True sympathy_flag True collision_reward= -5 and successful_merging_reward= 10 and high_speed_reward= 1 and cooperative_reward= 4
out/HighwayEnv/DQNAgent/train/run_20210125-143506_27462_exp_merge_1204,exp_merge_1204 similar to configs/experiments/IEEE_Access/exp_base_1200.json cooperative_flag True sympathy_flag True collision_reward= -5 and successful_merging_reward= 10 and high_speed_reward= 1 and cooperative_reward= 0.5
out/HighwayEnv/DQNAgent/train/run_20210125-143506_27465_exp_merge_1203,exp_merge_1203 similar to configs/experiments/IEEE_Access/exp_base_1200.json cooperative_flag True sympathy_flag True collision_reward= -5 and successful_merging_reward= 5 and high_speed_reward= 1 and cooperative_reward= 4
out/HighwayEnv/DQNAgent/train/run_20210125-143506_27449_exp_merge_1201,exp_merge_1201 similar to configs/experiments/IEEE_Access/exp_base_1200.json cooperative_flag True sympathy_flag True collision_reward= -5 and successful_merging_reward= 2 and high_speed_reward= 1 and cooperative_reward= 4
out/HighwayEnv/DQNAgent/train/run_20210125-143506_27454_exp_merge_1202,exp_merge_1202 similar to configs/experiments/IEEE_Access/exp_base_1200.json cooperative_flag True sympathy_flag True collision_reward= -5 and successful_merging_reward= 5 and high_speed_reward= 1 and cooperative_reward= 0.5
out/HighwayEnv/DQNAgent/train/run_20210125-143506_27448_exp_merge_1200,exp_merge_1200 similar to configs/experiments/IEEE_Access/exp_base_1200.json cooperative_flag True sympathy_flag True collision_reward= -5 and successful_merging_reward= 2 and high_speed_reward= 1 and cooperative_reward= 0.5
out/HighwayEnv/DQNAgent/train/run_20210125-143639_28369_exp_merge_1200,exp_merge_1200 similar to configs/experiments/IEEE_Access/exp_base_1200.json cooperative_flag True sympathy_flag True collision_reward= -5 and successful_merging_reward= 2 and high_speed_reward= 1 and cooperative_reward= 0.5
out/HighwayEnv/DQNAgent/train/run_20210125-143639_28406_exp_merge_1205,exp_merge_1205 similar to configs/experiments/IEEE_Access/exp_base_1200.json cooperative_flag True sympathy_flag True collision_reward= -5 and successful_merging_reward= 10 and high_speed_reward= 1 and cooperative_reward= 4
out/HighwayEnv/DQNAgent/train/run_20210125-143639_28374_exp_merge_1202,exp_merge_1202 similar to configs/experiments/IEEE_Access/exp_base_1200.json cooperative_flag True sympathy_flag True collision_reward= -5 and successful_merging_reward= 5 and high_speed_reward= 1 and cooperative_reward= 0.5
out/HighwayEnv/DQNAgent/train/run_20210125-143639_28383_exp_merge_1201,exp_merge_1201 similar to configs/experiments/IEEE_Access/exp_base_1200.json cooperative_flag True sympathy_flag True collision_reward= -5 and successful_merging_reward= 2 and high_speed_reward= 1 and cooperative_reward= 4
out/HighwayEnv/DQNAgent/train/run_20210125-143639_28388_exp_merge_1203,exp_merge_1203 similar to configs/experiments/IEEE_Access/exp_base_1200.json cooperative_flag True sympathy_flag True collision_reward= -5 and successful_merging_reward= 5 and high_speed_reward= 1 and cooperative_reward= 4
out/HighwayEnv/DQNAgent/train/run_20210125-143639_28368_exp_merge_1204,exp_merge_1204 similar to configs/experiments/IEEE_Access/exp_base_1200.json cooperative_flag True sympathy_flag True collision_reward= -5 and successful_merging_reward= 10 and high_speed_reward= 1 and cooperative_reward= 0.5
out/HighwayEnv/DQNAgent/train/run_20210125-144938_30350_exp_merge_1204,exp_merge_1204 similar to configs/experiments/IEEE_Access/exp_base_1200.json cooperative_flag True sympathy_flag True collision_reward= -5 and successful_merging_reward= 10 and high_speed_reward= 1 and cooperative_reward= 0.5
out/HighwayEnv/DQNAgent/train/run_20210125-144938_30343_exp_merge_1201,exp_merge_1201 similar to configs/experiments/IEEE_Access/exp_base_1200.json cooperative_flag True sympathy_flag True collision_reward= -5 and successful_merging_reward= 2 and high_speed_reward= 1 and cooperative_reward= 4
out/HighwayEnv/DQNAgent/train/run_20210125-144938_30338_exp_merge_1205,exp_merge_1205 similar to configs/experiments/IEEE_Access/exp_base_1200.json cooperative_flag True sympathy_flag True collision_reward= -5 and successful_merging_reward= 10 and high_speed_reward= 1 and cooperative_reward= 4
out/HighwayEnv/DQNAgent/train/run_20210125-144938_30351_exp_merge_1202,exp_merge_1202 similar to configs/experiments/IEEE_Access/exp_base_1200.json cooperative_flag True sympathy_flag True collision_reward= -5 and successful_merging_reward= 5 and high_speed_reward= 1 and cooperative_reward= 0.5
out/HighwayEnv/DQNAgent/train/run_20210125-144938_30405_exp_merge_1200,exp_merge_1200 similar to configs/experiments/IEEE_Access/exp_base_1200.json cooperative_flag True sympathy_flag True collision_reward= -5 and successful_merging_reward= 2 and high_speed_reward= 1 and cooperative_reward= 0.5
out/HighwayEnv/DQNAgent/train/run_20210125-144938_30335_exp_merge_1203,exp_merge_1203 similar to configs/experiments/IEEE_Access/exp_base_1200.json cooperative_flag True sympathy_flag True collision_reward= -5 and successful_merging_reward= 5 and high_speed_reward= 1 and cooperative_reward= 4
out/HighwayEnv/DQNAgent/train/run_20210125-145014_30943_exp_merge_1201,exp_merge_1201 similar to configs/experiments/IEEE_Access/exp_base_1200.json cooperative_flag True sympathy_flag True collision_reward= -5 and successful_merging_reward= 2 and high_speed_reward= 1 and cooperative_reward= 4
out/HighwayEnv/DQNAgent/train/run_20210125-145014_30958_exp_merge_1205,exp_merge_1205 similar to configs/experiments/IEEE_Access/exp_base_1200.json cooperative_flag True sympathy_flag True collision_reward= -5 and successful_merging_reward= 10 and high_speed_reward= 1 and cooperative_reward= 4
out/HighwayEnv/DQNAgent/train/run_20210125-145014_30957_exp_merge_1202,exp_merge_1202 similar to configs/experiments/IEEE_Access/exp_base_1200.json cooperative_flag True sympathy_flag True collision_reward= -5 and successful_merging_reward= 5 and high_speed_reward= 1 and cooperative_reward= 0.5
out/HighwayEnv/DQNAgent/train/run_20210125-145014_30939_exp_merge_1204,exp_merge_1204 similar to configs/experiments/IEEE_Access/exp_base_1200.json cooperative_flag True sympathy_flag True collision_reward= -5 and successful_merging_reward= 10 and high_speed_reward= 1 and cooperative_reward= 0.5
out/HighwayEnv/DQNAgent/train/run_20210125-145014_30954_exp_merge_1200,exp_merge_1200 similar to configs/experiments/IEEE_Access/exp_base_1200.json cooperative_flag True sympathy_flag True collision_reward= -5 and successful_merging_reward= 2 and high_speed_reward= 1 and cooperative_reward= 0.5
out/HighwayEnv/DQNAgent/train/run_20210125-145014_30940_exp_merge_1203,exp_merge_1203 similar to configs/experiments/IEEE_Access/exp_base_1200.json cooperative_flag True sympathy_flag True collision_reward= -5 and successful_merging_reward= 5 and high_speed_reward= 1 and cooperative_reward= 4
out/HighwayEnv/DQNAgent/train/run_20210125-145117_889_exp_merge_1202,exp_merge_1202 similar to configs/experiments/IEEE_Access/exp_base_1200.json cooperative_flag True sympathy_flag True collision_reward= -5 and successful_merging_reward= 5 and high_speed_reward= 1 and cooperative_reward= 0.5
out/HighwayEnv/DQNAgent/train/run_20210125-145117_914_exp_merge_1200,exp_merge_1200 similar to configs/experiments/IEEE_Access/exp_base_1200.json cooperative_flag True sympathy_flag True collision_reward= -5 and successful_merging_reward= 2 and high_speed_reward= 1 and cooperative_reward= 0.5
out/HighwayEnv/DQNAgent/train/run_20210125-145117_911_exp_merge_1204,exp_merge_1204 similar to configs/experiments/IEEE_Access/exp_base_1200.json cooperative_flag True sympathy_flag True collision_reward= -5 and successful_merging_reward= 10 and high_speed_reward= 1 and cooperative_reward= 0.5
out/HighwayEnv/DQNAgent/train/run_20210125-145117_886_exp_merge_1201,exp_merge_1201 similar to configs/experiments/IEEE_Access/exp_base_1200.json cooperative_flag True sympathy_flag True collision_reward= -5 and successful_merging_reward= 2 and high_speed_reward= 1 and cooperative_reward= 4
out/HighwayEnv/DQNAgent/train/run_20210125-145117_877_exp_merge_1203,exp_merge_1203 similar to configs/experiments/IEEE_Access/exp_base_1200.json cooperative_flag True sympathy_flag True collision_reward= -5 and successful_merging_reward= 5 and high_speed_reward= 1 and cooperative_reward= 4
out/HighwayEnv/DQNAgent/train/run_20210125-145117_876_exp_merge_1205,exp_merge_1205 similar to configs/experiments/IEEE_Access/exp_base_1200.json cooperative_flag True sympathy_flag True collision_reward= -5 and successful_merging_reward= 10 and high_speed_reward= 1 and cooperative_reward= 4
out/HighwayEnv/DQNAgent/train/run_20210125-145238_2847_exp_merge_1203,exp_merge_1203 similar to configs/experiments/IEEE_Access/exp_base_1200.json cooperative_flag True sympathy_flag True collision_reward= -5 and successful_merging_reward= 5 and high_speed_reward= 1 and cooperative_reward= 4
out/HighwayEnv/DQNAgent/train/run_20210125-145238_2790_exp_merge_1204,exp_merge_1204 similar to configs/experiments/IEEE_Access/exp_base_1200.json cooperative_flag True sympathy_flag True collision_reward= -5 and successful_merging_reward= 10 and high_speed_reward= 1 and cooperative_reward= 0.5
out/HighwayEnv/DQNAgent/train/run_20210125-145238_2752_exp_merge_1200,exp_merge_1200 similar to configs/experiments/IEEE_Access/exp_base_1200.json cooperative_flag True sympathy_flag True collision_reward= -5 and successful_merging_reward= 2 and high_speed_reward= 1 and cooperative_reward= 0.5
out/HighwayEnv/DQNAgent/train/run_20210125-145238_2842_exp_merge_1201,exp_merge_1201 similar to configs/experiments/IEEE_Access/exp_base_1200.json cooperative_flag True sympathy_flag True collision_reward= -5 and successful_merging_reward= 2 and high_speed_reward= 1 and cooperative_reward= 4
out/HighwayEnv/DQNAgent/train/run_20210125-145238_2753_exp_merge_1205,exp_merge_1205 similar to configs/experiments/IEEE_Access/exp_base_1200.json cooperative_flag True sympathy_flag True collision_reward= -5 and successful_merging_reward= 10 and high_speed_reward= 1 and cooperative_reward= 4
out/HighwayEnv/DQNAgent/train/run_20210125-145238_2795_exp_merge_1202,exp_merge_1202 similar to configs/experiments/IEEE_Access/exp_base_1200.json cooperative_flag True sympathy_flag True collision_reward= -5 and successful_merging_reward= 5 and high_speed_reward= 1 and cooperative_reward= 0.5
out/HighwayEnv/DQNAgent/test/run_20210126-004005_2752_exp_merge_1200-test,exp_merge_1200 similar to configs/experiments/IEEE_Access/exp_base_1200.json cooperative_flag True sympathy_flag True collision_reward= -5 and successful_merging_reward= 2 and high_speed_reward= 1 and cooperative_reward= 0.5
out/HighwayEnv/DQNAgent/test/run_20210126-004218_2842_exp_merge_1201-test,exp_merge_1201 similar to configs/experiments/IEEE_Access/exp_base_1200.json cooperative_flag True sympathy_flag True collision_reward= -5 and successful_merging_reward= 2 and high_speed_reward= 1 and cooperative_reward= 4
out/HighwayEnv/DQNAgent/test/run_20210126-021454_2847_exp_merge_1203-test,exp_merge_1203 similar to configs/experiments/IEEE_Access/exp_base_1200.json cooperative_flag True sympathy_flag True collision_reward= -5 and successful_merging_reward= 5 and high_speed_reward= 1 and cooperative_reward= 4
out/HighwayEnv/DQNAgent/test/run_20210126-024324_2790_exp_merge_1204-test,exp_merge_1204 similar to configs/experiments/IEEE_Access/exp_base_1200.json cooperative_flag True sympathy_flag True collision_reward= -5 and successful_merging_reward= 10 and high_speed_reward= 1 and cooperative_reward= 0.5
out/HighwayEnv/DQNAgent/test/run_20210126-024758_2753_exp_merge_1205-test,exp_merge_1205 similar to configs/experiments/IEEE_Access/exp_base_1200.json cooperative_flag True sympathy_flag True collision_reward= -5 and successful_merging_reward= 10 and high_speed_reward= 1 and cooperative_reward= 4
out/HighwayEnv/DQNAgent/test/run_20210126-024937_2795_exp_merge_1202-test,exp_merge_1202 similar to configs/experiments/IEEE_Access/exp_base_1200.json cooperative_flag True sympathy_flag True collision_reward= -5 and successful_merging_reward= 5 and high_speed_reward= 1 and cooperative_reward= 0.5
out/HighwayEnv/DQNAgent/train/run_20210126-144215_20094_exp_merge_1301,exp_merge_1301 similar to IEEE_Access/exp_base  cooperative_flag True sympathy_flag False type= highway_env.vehicle.behavior.CustomVehicle cooperative_perception True
out/HighwayEnv/DQNAgent/train/run_20210126-144215_20109_exp_merge_1311,exp_merge_1311 similar to IEEE_Access/exp_base  cooperative_flag True sympathy_flag False type= highway_env.vehicle.behavior.CustomVehicle cooperative_perception True
out/HighwayEnv/DQNAgent/train/run_20210126-144215_20100_exp_merge_1312,exp_merge_1312 similar to IEEE_Access/exp_base  cooperative_flag False sympathy_flag False type= highway_env.vehicle.behavior.CustomVehicle cooperative_perception True
out/HighwayEnv/DQNAgent/train/run_20210126-144215_20115_exp_merge_1310,exp_merge_1310 similar to IEEE_Access/exp_base  cooperative_flag True sympathy_flag True type= highway_env.vehicle.behavior.CustomVehicle cooperative_perception True
out/HighwayEnv/DQNAgent/train/run_20210126-144215_20095_exp_merge_1300,exp_merge_1300 similar to IEEE_Access/exp_base  cooperative_flag True sympathy_flag True type= highway_env.vehicle.behavior.CustomVehicle cooperative_perception True
out/HighwayEnv/DQNAgent/train/run_20210126-144215_20114_exp_merge_1302,exp_merge_1302 similar to IEEE_Access/exp_base  cooperative_flag False sympathy_flag False type= highway_env.vehicle.behavior.CustomVehicle cooperative_perception True
out/HighwayEnv/DQNAgent/test/run_20210127-061510_20114_exp_merge_1302-test,exp_merge_1302 similar to IEEE_Access/exp_base  cooperative_flag False sympathy_flag False type= highway_env.vehicle.behavior.CustomVehicle cooperative_perception True
out/HighwayEnv/DQNAgent/test/run_20210127-062938_20094_exp_merge_1301-test,exp_merge_1301 similar to IEEE_Access/exp_base  cooperative_flag True sympathy_flag False type= highway_env.vehicle.behavior.CustomVehicle cooperative_perception True
out/HighwayEnv/DQNAgent/test/run_20210127-090326_20095_exp_merge_1300-test,exp_merge_1300 similar to IEEE_Access/exp_base  cooperative_flag True sympathy_flag True type= highway_env.vehicle.behavior.CustomVehicle cooperative_perception True
out/HighwayEnv/DQNAgent/test/run_20210127-090439_20100_exp_merge_1312-test,exp_merge_1312 similar to IEEE_Access/exp_base  cooperative_flag False sympathy_flag False type= highway_env.vehicle.behavior.CustomVehicle cooperative_perception True
out/HighwayEnv/DQNAgent/test/run_20210127-091802_20115_exp_merge_1310-test,exp_merge_1310 similar to IEEE_Access/exp_base  cooperative_flag True sympathy_flag True type= highway_env.vehicle.behavior.CustomVehicle cooperative_perception True
out/HighwayEnv/DQNAgent/test/run_20210127-092343_20109_exp_merge_1311-test,exp_merge_1311 similar to IEEE_Access/exp_base  cooperative_flag True sympathy_flag False type= highway_env.vehicle.behavior.CustomVehicle cooperative_perception True
out/HighwayEnv/DQNAgent/train/run_20210127-114306_32712_exp_merge_1521,exp_merge_1521 similar to configs/experiments/IEEE_Access/exp_base_1500.json cooperative_flag True sympathy_flag False on_desired_lane_reward= 5
out/HighwayEnv/DQNAgent/train/run_20210127-114306_32700_exp_merge_1510,exp_merge_1510 similar to configs/experiments/IEEE_Access/exp_base_1500.json cooperative_flag False sympathy_flag False on_desired_lane_reward= 2
out/HighwayEnv/DQNAgent/train/run_20210127-114306_32702_exp_merge_1511,exp_merge_1511 similar to configs/experiments/IEEE_Access/exp_base_1500.json cooperative_flag False sympathy_flag False on_desired_lane_reward= 5
out/HighwayEnv/DQNAgent/train/run_20210127-114306_32717_exp_merge_1522,exp_merge_1522 similar to configs/experiments/IEEE_Access/exp_base_1500.json cooperative_flag True sympathy_flag False on_desired_lane_reward= 10
out/HighwayEnv/DQNAgent/train/run_20210127-114307_32699_exp_merge_1520,exp_merge_1520 similar to configs/experiments/IEEE_Access/exp_base_1500.json cooperative_flag True sympathy_flag False on_desired_lane_reward= 2
out/HighwayEnv/DQNAgent/train/run_20210127-114307_32724_exp_merge_1512,exp_merge_1512 similar to configs/experiments/IEEE_Access/exp_base_1500.json cooperative_flag False sympathy_flag False on_desired_lane_reward= 10
out/HighwayEnv/DQNAgent/train/run_20210127-114427_960_exp_merge_1511,exp_merge_1511 similar to configs/experiments/IEEE_Access/exp_base_1500.json cooperative_flag False sympathy_flag False on_desired_lane_reward= 5
out/HighwayEnv/DQNAgent/train/run_20210127-114427_967_exp_merge_1520,exp_merge_1520 similar to configs/experiments/IEEE_Access/exp_base_1500.json cooperative_flag True sympathy_flag False on_desired_lane_reward= 2
out/HighwayEnv/DQNAgent/train/run_20210127-114427_970_exp_merge_1510,exp_merge_1510 similar to configs/experiments/IEEE_Access/exp_base_1500.json cooperative_flag False sympathy_flag False on_desired_lane_reward= 2
out/HighwayEnv/DQNAgent/train/run_20210127-114427_957_exp_merge_1512,exp_merge_1512 similar to configs/experiments/IEEE_Access/exp_base_1500.json cooperative_flag False sympathy_flag False on_desired_lane_reward= 10
out/HighwayEnv/DQNAgent/train/run_20210127-114427_982_exp_merge_1522,exp_merge_1522 similar to configs/experiments/IEEE_Access/exp_base_1500.json cooperative_flag True sympathy_flag False on_desired_lane_reward= 10
out/HighwayEnv/DQNAgent/train/run_20210127-114427_973_exp_merge_1521,exp_merge_1521 similar to configs/experiments/IEEE_Access/exp_base_1500.json cooperative_flag True sympathy_flag False on_desired_lane_reward= 5
out/HighwayEnv/DQNAgent/test/run_20210128-040621_967_exp_merge_1520-test,exp_merge_1520 similar to configs/experiments/IEEE_Access/exp_base_1500.json cooperative_flag True sympathy_flag False on_desired_lane_reward= 2
out/HighwayEnv/DQNAgent/test/run_20210128-042152_973_exp_merge_1521-test,exp_merge_1521 similar to configs/experiments/IEEE_Access/exp_base_1500.json cooperative_flag True sympathy_flag False on_desired_lane_reward= 5
out/HighwayEnv/DQNAgent/test/run_20210128-060908_982_exp_merge_1522-test,exp_merge_1522 similar to configs/experiments/IEEE_Access/exp_base_1500.json cooperative_flag True sympathy_flag False on_desired_lane_reward= 10
out/HighwayEnv/DQNAgent/test/run_20210128-062244_970_exp_merge_1510-test,exp_merge_1510 similar to configs/experiments/IEEE_Access/exp_base_1500.json cooperative_flag False sympathy_flag False on_desired_lane_reward= 2
out/HighwayEnv/DQNAgent/test/run_20210128-071535_960_exp_merge_1511-test,exp_merge_1511 similar to configs/experiments/IEEE_Access/exp_base_1500.json cooperative_flag False sympathy_flag False on_desired_lane_reward= 5
out/HighwayEnv/DQNAgent/test/run_20210128-081516_957_exp_merge_1512-test,exp_merge_1512 similar to configs/experiments/IEEE_Access/exp_base_1500.json cooperative_flag False sympathy_flag False on_desired_lane_reward= 10
